{
    "pitches": {
        "average_pitch": 715.7707580192802,
        "highest_pitch": 500.0,
        "lowest_pitch": 200.91373062133789
    }
}