{
    "pitches": {
        "average_pitch": 715.7707564855359,
        "highest_pitch": 88200.0,
        "lowest_pitch": 22.91373062133789
    }
}